Player,Team,Pos,Tgt,Rec,Yds,Y/R,TD,R/G,Y/G,Ctch%,Y/Tgt,Fmb,-9999
Trey McBride,ARI,TE,118,88,879,10.0,8,7.3,73.3,74.6,7.4,0,McBrTr01
Ja'Marr Chase,CIN,WR,131,86,971,11.3,5,7.8,88.3,65.6,7.4,1,ChasJa00
Puka Nacua,LAR,WR,107,86,1019,11.8,4,7.8,92.6,80.4,9.5,1,NacuPu00
Christian McCaffrey,SFO,RB,107,85,806,9.5,5,6.5,62.0,79.4,7.5,2,McCaCh01
Jaxon Smith-Njigba,SEA,WR,111,82,1336,16.3,7,6.8,111.3,73.9,12.0,2,SmitJa06
Amon-Ra St. Brown,DET,WR,108,75,884,11.8,9,6.3,73.7,69.4,8.2,1,StxxAm00
Chris Olave,NOR,WR,115,73,781,10.7,5,6.1,65.1,63.5,6.8,0,OlavCh00
George Pickens,DAL,WR,105,73,1142,15.6,8,6.1,95.2,69.5,10.9,3,PickGe00
Wan'Dale Robinson,NYG,WR,110,73,828,11.3,3,5.6,63.7,66.4,7.5,1,RobiWa01
Jake Ferguson,DAL,TE,83,70,496,7.1,7,5.8,41.3,84.3,6.0,2,FergJa00
Stefon Diggs,NWE,WR,79,64,705,11.0,3,4.9,54.2,81.0,8.9,0,DiggSt00
Justin Jefferson,MIN,WR,105,62,799,12.9,2,5.2,66.6,59.0,7.6,0,JeffJu00
Keenan Allen,LAC,WR,91,60,622,10.4,4,5.0,51.8,65.9,6.8,1,AlleKe00
Zay Flowers,BAL,WR,84,60,767,12.8,1,5.0,63.9,71.4,9.1,2,FlowZa00
Drake London,ATL,WR,94,60,810,13.5,6,6.7,90.0,63.8,8.6,1,LondDr00
Michael Pittman Jr.,IND,WR,82,60,620,10.3,7,5.0,51.7,73.2,7.6,0,PittMi01
DeVonta Smith,PHI,WR,86,60,802,13.4,3,5.0,66.8,69.8,9.3,0,SmitDe07
Travis Kelce,KAN,TE,78,59,719,12.2,5,4.9,59.9,75.6,9.2,0,KelcTr00
Dalton Schultz,HOU,TE,80,59,552,9.4,1,4.9,46.0,73.8,6.9,0,SchuDa00
Ladd McConkey,LAC,WR,90,58,683,11.8,5,4.8,56.9,64.4,7.6,0,McCoLa00
Deebo Samuel,WAS,WR,75,58,534,9.2,5,5.3,48.5,77.3,7.1,2,SamuDe00
Tyler Warren,IND,TE,78,58,684,11.8,4,4.8,57.0,74.4,8.8,1,WarrTy00
Nico Collins,HOU,WR,95,57,795,13.9,4,5.2,72.3,60.0,8.4,1,CollNi00
Tetairoa McMillan,CAR,WR,98,57,826,14.5,6,4.4,63.5,58.2,8.4,0,McMiTe00
A.J. Brown,PHI,WR,87,56,699,12.5,6,5.1,63.5,64.4,8.0,0,BrowAJ00
Kyle Pitts,ATL,TE,75,56,541,9.7,1,4.7,45.1,74.7,7.2,0,PittKy00
Khalil Shakir,BUF,WR,75,55,569,10.3,3,4.6,47.4,73.3,7.6,1,ShakKh00
De'Von Achane,MIA,RB,72,54,370,6.9,4,4.5,30.8,75.0,5.1,1,AchaDe00
Juwan Johnson,NOR,TE,76,54,576,10.7,3,4.5,48.0,71.1,7.6,1,JohnJu02
Bijan Robinson,ATL,RB,68,54,594,11.0,2,4.5,49.5,79.4,8.7,2,RobiBi01
Davante Adams,LAR,WR,99,52,689,13.3,14,4.3,57.4,52.5,7.0,0,AdamDa01
Emeka Egbuka,TAM,WR,101,52,791,15.2,6,4.3,65.9,51.5,7.8,0,EgbuEm01
Jaylen Waddle,MIA,WR,79,52,762,14.7,5,4.3,63.5,65.8,9.6,0,WaddJa00
Harold Fannin,CLE,TE,74,51,505,9.9,3,4.3,42.1,68.9,6.8,1,FannHa00
Jahmyr Gibbs,DET,RB,59,51,397,7.8,3,4.3,33.1,86.4,6.7,0,GibbJa01
CeeDee Lamb,DAL,WR,81,51,744,14.6,3,5.7,82.7,63.0,9.2,0,LambCe00
Jakobi Meyers,2TM,WR,70,51,597,11.7,2,4.6,54.3,72.9,8.5,0,MeyeJa01
Jakobi Meyers,LVR,WR,49,33,352,10.7,0,4.7,50.3,67.3,7.2,0,MeyeJa01
Jakobi Meyers,JAX,WR,21,18,245,13.6,2,4.5,61.3,85.7,11.7,0,MeyeJa01
Courtland Sutton,DEN,WR,80,50,711,14.2,5,4.2,59.3,62.5,8.9,0,SuttCo00
Michael Wilson,ARI,WR,78,50,570,11.4,1,4.2,47.5,64.1,7.3,0,WilsMi02
Brock Bowers,LVR,TE,68,49,573,11.7,5,5.4,63.7,72.1,8.4,0,BoweBr01
Zach Ertz,WAS,TE,70,49,493,10.1,4,4.1,41.1,70.0,7.0,1,ErtzZa00
Chase Brown,CIN,RB,64,48,287,6.0,1,4.0,23.9,75.0,4.5,2,BrowCh10
Troy Franklin,DEN,WR,84,48,530,11.0,5,4.0,44.2,57.1,6.3,1,FranTr00
Rashid Shaheed,2TM,WR,77,48,536,11.2,2,3.7,41.2,62.3,7.0,2,ShahRa00
Rashid Shaheed,NOR,WR,66,44,499,11.3,2,4.9,55.4,66.7,7.6,1,ShahRa00
Rashid Shaheed,SEA,WR,11,4,37,9.3,0,1.0,9.3,36.4,3.4,1,ShahRa00
Romeo Doubs,GNB,WR,71,45,542,12.0,5,3.8,45.2,63.4,7.6,1,DoubRo00
Hunter Henry,NWE,TE,69,45,610,13.6,5,3.5,46.9,65.2,8.8,0,HenrHu00
D.K. Metcalf,PIT,WR,75,45,605,13.4,5,3.8,50.4,60.0,8.1,0,MetcDK00
Kenneth Gainwell,PIT,RB,51,44,259,5.9,2,3.7,21.6,86.3,5.1,2,GainKe00
T.J. Hockenson,MIN,TE,57,44,358,8.1,2,3.7,29.8,77.2,6.3,0,HockTJ00
Rome Odunze,CHI,WR,90,44,661,15.0,6,3.7,55.1,48.9,7.3,0,OdunRo00
Tre Tucker,LVR,WR,67,44,550,12.5,5,3.7,45.8,65.7,8.2,0,TuckTr00
Ashton Jeanty,LVR,RB,54,43,251,5.8,4,3.6,20.9,79.6,4.6,2,JeanAs00
Cade Otton,TAM,TE,62,43,411,9.6,0,3.6,34.3,69.4,6.6,0,OttoCa00
Theo Johnson,NYG,TE,68,42,456,10.9,5,3.2,35.1,61.8,6.7,0,JohnTh00
Rashee Rice,KAN,WR,59,42,486,11.6,5,7.0,81.0,71.2,8.2,2,RiceRa01
Marquise Brown,KAN,WR,60,41,459,11.2,5,3.4,38.3,68.3,7.7,1,BrowMa04
Jauan Jennings,SFO,WR,69,41,458,11.2,5,3.7,41.6,59.4,6.6,1,JennJa00
Josh Downs,IND,WR,59,40,370,9.3,3,3.6,33.6,67.8,6.3,1,DownJo00
Dallas Goedert,PHI,TE,56,40,403,10.1,7,3.6,36.6,71.4,7.2,0,GoedDa00
Marvin Harrison Jr.,ARI,WR,69,40,594,14.9,4,4.0,59.4,58.0,8.6,0,HarrMa09
Tee Higgins,CIN,WR,70,40,575,14.4,7,3.6,52.3,57.1,8.2,0,HiggTe00
Quentin Johnston,LAC,WR,68,40,525,13.1,7,3.6,47.7,58.8,7.7,1,JohnQu02
Sam LaPorta,DET,TE,49,40,489,12.2,3,4.4,54.3,81.6,10.0,0,LaPoSa01
Chigoziem Okonkwo,TEN,TE,51,39,406,10.4,0,3.3,33.8,76.5,8.0,0,OkonCh00
Mason Taylor,NYJ,TE,57,39,318,8.2,1,3.3,26.5,68.4,5.6,0,TaylMa02
Evan Engram,DEN,TE,59,38,339,8.9,1,3.5,30.8,64.4,5.7,0,EngrEv00
Oronde Gadsden II,LAC,TE,51,38,534,14.1,2,3.8,53.4,74.5,10.5,1,GadsOr01
D.J. Moore,CHI,WR,63,38,502,13.2,3,3.2,41.8,60.3,8.0,1,MoorD.00
Sterling Shepard,TAM,WR,52,38,366,9.6,1,3.2,30.5,73.1,7.0,1,ShepSt00
Jameson Williams,DET,WR,63,38,706,18.6,6,3.2,58.8,60.3,11.2,0,WillJa11
Mark Andrews,BAL,TE,52,37,332,9.0,5,3.1,27.7,71.2,6.4,1,AndrMa00
AJ Barner,SEA,TE,46,37,359,9.7,4,3.1,29.9,80.4,7.8,2,BarnAJ00
George Kittle,SFO,TE,45,37,396,10.7,5,4.6,49.5,82.2,8.8,0,KittGe00
Malik Washington,MIA,WR,52,37,264,7.1,2,3.1,22.0,71.2,5.1,1,WashMa00
Gunnar Helm,TEN,TE,44,36,290,8.1,1,3.0,24.2,81.8,6.6,0,HelmGu00
Parker Washington,JAX,WR,63,36,447,12.4,3,3.0,37.3,57.1,7.1,1,WashPa01
Garrett Wilson,NYJ,WR,59,36,395,11.0,4,5.1,56.4,61.0,6.7,1,WilsGa00
Saquon Barkley,PHI,RB,43,35,259,7.4,2,2.9,21.6,81.4,6.0,1,BarkSa00
Mack Hollins,NWE,WR,48,35,440,12.6,2,2.7,33.8,72.9,9.2,0,HollMa00
Jerry Jeudy,CLE,WR,80,35,421,12.0,1,2.9,35.1,43.8,5.3,1,JeudJe00
Jonathan Taylor,IND,RB,40,35,304,8.7,2,2.9,25.3,87.5,7.6,1,TaylJo02
Xavier Worthy,KAN,WR,59,35,401,11.5,1,3.5,40.1,59.3,6.8,0,WortXa00
Olamide Zaccheaus,CHI,WR,54,35,273,7.8,1,2.9,22.8,64.8,5.1,0,ZaccOl01
Keon Coleman,BUF,WR,52,34,339,10.0,4,3.4,33.9,65.4,6.5,1,ColeKe02
Cooper Kupp,SEA,WR,50,34,438,12.9,1,3.1,39.8,68.0,8.8,0,KuppCo00
Jordan Addison,MIN,WR,63,33,448,13.6,3,3.7,49.8,52.4,7.1,0,AddiJo00
Alvin Kamara,NOR,RB,39,33,186,5.6,0,3.0,16.9,84.6,4.8,2,KamaAl00
Alec Pierce,IND,WR,59,33,689,20.9,2,3.3,68.9,55.9,11.7,0,PierAl00
Noah Fant,CIN,TE,37,32,268,8.4,3,2.9,24.4,86.5,7.2,2,FantNo00
TreVeyon Henderson,NWE,RB,38,32,199,6.2,1,2.5,15.3,84.2,5.2,1,HendTr02
Jayden Higgins,HOU,WR,50,32,359,11.2,4,2.7,29.9,64.0,7.2,0,HiggJa00
Tucker Kraft,GNB,TE,44,32,489,15.3,6,4.0,61.1,72.7,11.1,0,KrafTu00
David Njoku,CLE,TE,47,32,292,9.1,3,2.9,26.5,68.1,6.2,0,NjokDa00
Brian Thomas,JAX,WR,63,32,448,14.0,1,3.6,49.8,50.8,7.1,0,ThomBr06
Rachaad White,TAM,RB,36,32,170,5.3,0,2.7,14.2,88.9,4.7,0,WhitRa01
Kendrick Bourne,SFO,WR,43,31,482,15.5,0,2.6,40.2,72.1,11.2,0,BourKe00
RJ Harvey,DEN,RB,36,31,222,7.2,4,2.6,18.5,86.1,6.2,0,HarvRJ00
Colston Loveland,CHI,TE,44,31,406,13.1,3,2.8,36.9,70.5,9.2,0,LoveCo00
Javonte Williams,DAL,RB,42,31,128,4.1,2,2.6,10.7,73.8,3.0,2,WillJa10
Breece Hall,NYJ,RB,39,30,309,10.3,1,2.5,25.8,76.9,7.9,2,HallBr03
Jonnu Smith,PIT,TE,43,30,190,6.3,2,2.5,15.8,69.8,4.4,1,SmitJo01
Elic Ayomanor,TEN,WR,64,29,339,11.7,2,2.6,30.8,45.3,5.3,0,AyomEl00
Kayshon Boutte,NWE,WR,38,29,481,16.6,6,2.6,43.7,76.3,12.7,0,BoutKa00
Chimere Dike,TEN,WR,47,29,260,9.0,2,2.4,21.7,61.7,5.5,2,DikeCh00
Greg Dortch,ARI,WR,33,29,206,7.1,3,2.4,17.2,87.9,6.2,1,DortGr01
Rico Dowdle,CAR,RB,36,29,254,8.8,1,2.2,19.5,80.6,7.1,1,DowdRi01
Josh Jacobs,GNB,RB,36,29,245,8.4,0,2.6,22.3,80.6,6.8,2,JacoJo01
Dalton Kincaid,BUF,TE,36,29,448,15.4,4,3.6,56.0,80.6,12.4,1,KincDa00
Travis Hunter,JAX,WR,45,28,298,10.6,1,4.0,42.6,62.2,6.6,1,HuntTr00
Xavier Legette,CAR,WR,53,28,287,10.3,3,2.5,26.1,52.8,5.4,1,LegeXa00
Tyjae Spears,TEN,RB,30,28,173,6.2,0,3.5,21.6,93.3,5.8,0,SpeaTy00
Brenton Strange,JAX,TE,33,28,342,12.2,1,4.0,48.9,84.8,10.4,0,StraBr00
James Cook,BUF,RB,29,27,236,8.7,1,2.3,19.7,93.1,8.1,4,CookJa01
Demario Douglas,NWE,WR,39,27,402,14.9,3,2.1,30.9,69.2,10.3,0,DougDe00
Tony Pollard,TEN,RB,34,27,171,6.3,0,2.3,14.3,79.4,5.0,3,PollTo00
Jaylen Warren,PIT,RB,32,27,228,8.4,1,2.5,20.7,84.4,7.1,0,WarrJa01
Calvin Austin III,PIT,WR,44,26,278,10.7,2,2.6,27.8,59.1,6.3,0,AustCa00
Luther Burden,CHI,WR,34,26,328,12.6,1,2.4,29.8,76.5,9.6,0,BurdLu00
Pat Freiermuth,PIT,TE,32,26,298,11.5,4,2.2,24.8,81.3,9.3,0,FreiPa00
Xavier Hutchinson,HOU,WR,39,26,303,11.7,3,2.2,25.3,66.7,7.8,0,HutcXa00
Darius Slayton,NYG,WR,39,26,407,15.7,1,2.6,40.7,66.7,10.4,1,SlayDa01
JuJu Smith-Schuster,KAN,WR,33,26,299,11.5,1,2.2,24.9,78.8,9.1,0,SmitJu00
Jake Tonges,SFO,TE,35,26,226,8.7,4,2.0,17.4,74.3,6.5,0,TongJa00
Dontayvion Wicks,GNB,WR,41,26,307,11.8,2,2.6,30.7,63.4,7.5,0,WickDo00
Travis Etienne,JAX,RB,38,25,173,6.9,2,2.1,14.4,65.8,4.6,1,EtieTr00
Ricky Pearsall,SFO,WR,38,25,347,13.9,0,3.6,49.6,65.8,9.1,0,PearRi00
Ja'Tavion Sanders,CAR,TE,30,25,176,7.0,0,2.5,17.6,83.3,5.9,0,SandJa01
D'Andre Swift,CHI,RB,36,25,237,9.5,1,2.3,21.5,69.4,6.6,2,SwifDA00
Jerome Ford,CLE,RB,29,24,93,3.9,0,2.0,7.8,82.8,3.2,0,FordJe00
Matthew Golden,GNB,WR,32,24,286,11.9,0,2.7,31.8,75.0,8.9,0,GoldMa02
Andrei Iosivas,CIN,WR,44,24,346,14.4,2,2.0,28.8,54.5,7.9,0,IosiAn00
Tez Johnson,TAM,WR,39,24,287,12.0,5,2.2,26.1,61.5,7.4,0,JohnTe03
Marvin Mims,DEN,WR,34,24,242,10.1,1,2.4,24.2,70.6,7.1,2,MimsMa00
Cam Skattebo,NYG,RB,32,24,207,8.6,2,3.0,25.9,75.0,6.5,1,SkatCa00
Kyren Williams,LAR,RB,33,24,184,7.7,3,2.0,15.3,72.7,5.6,2,WillKy02
Chuba Hubbard,CAR,RB,32,23,194,8.4,3,2.1,17.6,71.9,6.1,0,HubbCh01
Colby Parkinson,LAR,TE,26,23,191,8.3,3,2.3,19.1,88.5,7.3,1,ParkCo02
Dylan Sampson,CLE,RB,28,23,195,8.5,2,1.9,16.3,82.1,7.0,0,SampDy00
Tyler Lockett,2TM,WR,37,23,220,9.6,0,1.9,18.3,62.2,5.9,0,LockTy00
Tyler Lockett,TEN,WR,21,10,70,7.0,0,1.4,10.0,47.6,3.3,0,LockTy00
Tyler Lockett,LVR,WR,16,13,150,11.5,0,2.6,30.0,81.3,9.4,0,LockTy00
Michael Carter,ARI,RB,28,22,176,8.0,0,2.8,22.0,78.6,6.3,0,CartMi03
Michael Mayer,LVR,TE,32,22,182,8.3,1,2.4,20.2,68.8,5.7,0,MayeMi00
Tyrone Tracy Jr.,NYG,RB,31,22,203,9.2,0,2.0,18.5,71.0,6.5,0,TracTy00
Darnell Washington,PIT,TE,32,22,276,12.5,1,1.8,23.0,68.8,8.6,1,WashDa03
Justice Hill,BAL,RB,27,21,169,8.0,1,2.1,16.9,77.8,6.3,1,HillJu00
Tyreek Hill,MIA,WR,29,21,265,12.6,1,5.3,66.3,72.4,9.1,0,HillTy00
Bucky Irving,TAM,RB,21,21,213,10.1,2,4.2,42.6,100.0,10.1,1,IrviBu00
Van Jefferson,TEN,WR,38,21,220,10.5,1,1.8,18.3,55.3,5.8,0,JeffVa00
Christian Kirk,HOU,WR,37,21,198,9.4,1,2.6,24.8,56.8,5.4,0,KirkCh01
Darnell Mooney,ATL,WR,50,21,323,15.4,1,2.1,32.3,42.0,6.5,1,MoonDa00
Christian Watson,GNB,WR,34,21,363,17.3,3,3.5,60.5,61.8,10.7,0,WatsCh00
Ryan Flournoy,DAL,WR,29,20,234,11.7,2,1.7,19.5,69.0,8.1,0,FlouRy00
Omarion Hampton,LAC,RB,22,20,136,6.8,0,4.0,27.2,90.9,6.2,1,HampOm00
Tyler Higbee,LAR,TE,30,20,190,9.5,2,2.2,21.1,66.7,6.3,0,HigbTy00
Aaron Jones,MIN,RB,30,20,150,7.5,1,2.5,18.8,66.7,5.0,2,JoneAa00
Kyle Juszczyk,SFO,FB,23,20,187,9.4,1,1.5,14.4,87.0,8.1,0,JuszKy00
Cole Kmet,CHI,TE,32,20,231,11.6,2,1.8,21.0,62.5,7.2,0,KmetCo00
Terry McLaurin,WAS,WR,35,20,299,15.0,2,4.0,59.8,57.1,8.5,0,McLaTe00
David Montgomery,DET,RB,24,20,151,7.6,0,1.7,12.6,83.3,6.3,2,MontDa01
Jalen Nailor,MIN,WR,39,20,318,15.9,2,1.7,26.5,51.3,8.2,0,NailJa00
Jaylin Noel,HOU,WR,28,20,213,10.7,1,1.7,17.8,71.4,7.6,0,NoelJa00
Rhamondre Stevenson,NWE,RB,24,20,214,10.7,0,2.0,21.4,83.3,8.9,3,StevRh00
Tommy Tremble,CAR,TE,27,20,186,9.3,1,1.5,14.3,74.1,6.9,0,TremTo00
Kenneth Walker III,SEA,RB,23,20,175,8.8,0,1.7,14.6,87.0,7.6,0,WalkKe00
Brandin Cooks,2TM,WR,26,20,178,8.9,0,1.8,16.2,76.9,6.8,0,CookBr00
Brandin Cooks,NOR,WR,25,19,165,8.7,0,1.9,16.5,76.0,6.6,0,CookBr00
Brandin Cooks,BUF,WR,1,1,13,13.0,0,1.0,13.0,100.0,13.0,0,CookBr00
Adonai Mitchell,2TM,WR,41,20,306,15.3,1,1.8,27.8,48.8,7.5,1,MitcAd00
Adonai Mitchell,IND,WR,16,9,152,16.9,0,1.1,19.0,56.3,9.5,1,MitcAd00
Adonai Mitchell,NYJ,WR,25,11,154,14.0,1,3.7,51.3,44.0,6.2,0,MitcAd00
Dyami Brown,JAX,WR,36,19,219,11.5,1,1.9,21.9,52.8,6.1,0,BrowDy00
Tre Harris,LAC,WR,24,19,167,8.8,1,1.6,13.9,79.2,7.0,0,HarrTr03
Zonovan Knight,ARI,RB,25,19,142,7.5,1,1.9,14.2,76.0,5.7,1,KnigZo00
Dawson Knox,BUF,TE,29,19,223,11.7,1,1.6,18.6,65.5,7.7,0,KnoxDa00
Brashard Smith,KAN,RB,26,19,161,8.5,0,1.6,13.4,73.1,6.2,1,SmitBr09
KaVontae Turpin,DAL,WR,28,19,260,13.7,1,1.9,26.0,67.9,9.3,1,TurpKa00
Pat Bryant,DEN,WR,32,18,273,15.2,1,1.5,22.8,56.3,8.5,0,BryaPa00
Jalen Coker,CAR,WR,25,18,224,12.4,1,2.6,32.0,72.0,9.0,0,CokeJa01
Elijah Higgins,ARI,TE,22,18,179,9.9,0,1.5,14.9,81.8,8.1,1,HiggEl00
Isaiah Likely,BAL,TE,25,18,223,12.4,0,2.0,24.8,72.0,8.9,2,LikeIs00
Woody Marks,HOU,RB,27,18,188,10.4,2,1.5,15.7,66.7,7.0,1,MarkWo00
Malik Nabers,NYG,WR,35,18,271,15.1,2,4.5,67.8,51.4,7.7,0,NabeMa00
Josh Palmer,BUF,WR,29,18,272,15.1,0,2.3,34.0,62.1,9.4,0,PalmJo00
John Metchie,2TM,WR,23,18,150,8.3,2,1.6,13.6,78.3,6.5,0,MetcJo00
John Metchie,PHI,WR,4,4,18,4.5,0,0.6,2.6,100.0,4.5,0,MetcJo00
John Metchie,NYJ,WR,19,14,132,9.4,2,3.5,33.0,73.7,6.9,0,MetcJo00
Davis Allen,LAR,TE,21,17,137,8.1,3,1.4,11.4,81.0,6.5,0,AlleDa02
DeAndre Hopkins,BAL,WR,29,17,257,15.1,2,1.4,21.4,58.6,8.9,0,HopkDe00
Quinshon Judkins,CLE,RB,23,17,88,5.2,0,1.5,8.0,73.9,3.8,0,JudkQu00
Jeremy McNichols,WAS,RB,22,17,149,8.8,0,1.4,12.4,77.3,6.8,0,McNiJe00
Calvin Ridley,TEN,WR,36,17,303,17.8,0,2.4,43.3,47.2,8.4,0,RidlCa00
Cedric Tillman,CLE,WR,32,17,174,10.2,2,2.1,21.8,53.1,5.4,0,TillCe01
Devaughn Vele,NOR,WR,28,17,184,10.8,2,1.5,16.7,60.7,6.6,0,VeleDe00
Rashod Bateman,BAL,WR,32,16,194,12.1,2,1.6,19.4,50.0,6.1,0,BateRa00
Noah Gray,KAN,TE,28,16,132,8.3,0,1.5,12.0,57.1,4.7,0,GrayNo00
Austin Hooper,NWE,TE,19,16,213,13.3,1,1.3,17.8,84.2,11.2,0,HoopAu00
Jaylin Lane,WAS,WR,31,16,225,14.1,0,1.3,18.8,51.6,7.3,3,LaneJa00
Jeremy Ruckert,NYJ,TE,18,16,131,8.2,1,1.3,10.9,88.9,7.3,0,RuckJe00
Jordan Whittington,LAR,WR,22,16,147,9.2,0,1.3,12.3,72.7,6.7,0,WhitJo04
Elijah Arroyo,SEA,TE,25,15,179,11.9,1,1.3,14.9,60.0,7.2,1,ArroEl00
Isaiah Davis,NYJ,RB,22,15,118,7.9,0,1.3,9.8,68.2,5.4,0,DaviIs00
Luke Musgrave,GNB,TE,18,15,140,9.3,0,1.3,11.7,83.3,7.8,1,MusgLu00
Devin Neal,NOR,RB,17,15,86,5.7,0,1.9,10.8,88.2,5.1,0,NealDe00
Kalif Raymond,DET,WR,19,15,150,10.0,0,1.4,13.6,78.9,7.9,0,RaymKa00
Hunter Renfrow,CAR,WR,26,15,89,5.9,2,2.5,14.8,57.7,3.4,0,RenfHu00
Tyquan Thornton,KAN,WR,31,15,372,24.8,3,1.3,31.0,48.4,12.0,0,ThorTy00
Tyler Badie,DEN,RB,24,14,105,7.5,0,1.3,9.5,58.3,4.4,0,BadiTy00
Isaiah Bond,CLE,WR,35,14,199,14.2,0,1.3,18.1,40.0,5.7,0,BondIs00
Mike Evans,TAM,WR,32,14,140,10.0,1,3.5,35.0,43.8,4.4,0,EvanMi00
Mitchell Evans,CAR,TE,18,14,138,9.9,2,1.1,10.6,77.8,7.7,0,EvanMi01
Mike Gesicki,CIN,TE,26,14,115,8.2,0,1.8,14.4,53.8,4.4,0,GesiMi00
Derrick Henry,BAL,RB,18,14,142,10.1,0,1.2,11.8,77.8,7.9,3,HenrDe00
Kareem Hunt,KAN,RB,18,14,114,8.1,1,1.2,9.5,77.8,6.3,2,HuntKa00
Ty Johnson,BUF,RB,21,14,181,12.9,1,1.2,15.1,66.7,8.6,1,JohnTy02
Jalen Tolbert,DAL,WR,25,14,172,12.3,1,1.3,15.6,56.0,6.9,0,TolbJa00
Adam Trautman,DEN,TE,16,14,140,10.0,1,1.2,11.7,87.5,8.8,0,TrauAd00
Brock Wright,DET,TE,22,14,108,7.7,2,1.3,9.8,63.6,4.9,0,WrigBr01
Trey Benson,ARI,RB,16,13,64,4.9,0,3.3,16.0,81.3,4.0,0,BensTr01
Tory Horton,SEA,WR,22,13,161,12.4,5,1.6,20.1,59.1,7.3,0,HortTo00
Jordan Mason,MIN,RB,15,13,45,3.5,0,1.1,3.8,86.7,3.0,3,MasoJo00
Isiah Pacheco,KAN,RB,19,13,60,4.6,1,1.4,6.7,68.4,3.2,0,PachIs00
Demarcus Robinson,SFO,WR,25,13,163,12.5,0,1.3,16.3,52.0,6.5,0,RobiDe01
Kimani Vidal,LAC,RB,17,13,63,4.8,1,1.4,7.0,76.5,3.7,1,VidaKi00
Emanuel Wilson,GNB,RB,15,13,87,6.7,0,1.1,7.3,86.7,5.8,1,WilsEm00
Daniel Bellinger,NYG,TE,17,12,202,16.8,1,1.0,16.8,70.6,11.9,0,BellDa00
Nick Chubb,HOU,RB,19,12,58,4.8,0,1.0,4.8,63.2,3.1,0,ChubNi00
Tanner Hudson,CIN,TE,15,12,106,8.8,2,1.2,10.6,80.0,7.1,0,HudsTa00
Zay Jones,ARI,WR,18,12,183,15.3,0,1.5,22.9,66.7,10.2,0,JoneZa00
Hunter Long,JAX,TE,17,12,85,7.1,2,1.5,10.6,70.6,5.0,1,LongHu00
Devin Singletary,NYG,RB,13,12,126,10.5,0,0.9,9.7,92.3,9.7,0,SingDe00
Brycen Tremayne,CAR,WR,15,12,133,11.1,0,1.0,11.1,80.0,8.9,1,TremBr00
Darren Waller,MIA,TE,15,12,164,13.7,4,2.4,32.8,80.0,10.9,0,WallDa01
Roman Wilson,PIT,WR,21,12,166,13.8,2,1.0,13.8,57.1,7.9,1,WilsRo02
J.K. Dobbins,DEN,RB,14,11,37,3.4,0,1.1,3.7,78.6,2.6,0,DobbJK00
Jahan Dotson,PHI,WR,21,11,206,18.7,1,0.9,17.2,52.4,9.8,0,DotsJa00
Luke Farrell,SFO,TE,14,11,85,7.7,2,0.8,6.5,78.6,6.1,1,FarrLu00
Chris Godwin,TAM,WR,23,11,139,12.6,0,2.8,34.8,47.8,6.0,0,GodwCh00
Jackson Hawes,BUF,TE,14,11,149,13.5,2,0.9,12.4,78.6,10.6,0,HaweJa00
Julian Hill,MIA,TE,15,11,91,8.3,0,1.2,10.1,73.3,6.1,0,HillJu02
Luke McCaffrey,WAS,WR,15,11,203,18.5,3,1.2,22.6,73.3,13.5,0,McCaLu00
Josh Reynolds,NYJ,WR,21,11,101,9.2,0,2.2,20.2,52.4,4.8,0,ReynJo00
Zavier Scott,MIN,RB,13,11,77,7.0,1,1.0,7.0,84.6,5.9,2,ScotZa00
Tyrell Shavers,BUF,WR,17,11,172,15.6,1,0.9,14.3,64.7,10.1,0,ShavTy00
Ian Thomas,LVR,TE,11,11,97,8.8,0,0.9,8.1,100.0,8.8,0,ThomIa00
Nick Westbrook-Ikhine,MIA,WR,19,11,89,8.1,0,0.9,7.4,57.9,4.7,0,WestNi00
Tyler Allgeier,ATL,RB,11,10,66,6.6,0,0.8,5.5,90.9,6.0,0,AllgTy00
Jack Bech,LVR,WR,15,10,114,11.4,0,0.8,9.5,66.7,7.6,0,BechJa00
Chris Brooks,GNB,RB,12,10,68,6.8,0,0.8,5.7,83.3,5.7,0,BrooCh00
Greg Dulcich,MIA,TE,15,10,113,11.3,0,2.0,22.6,66.7,7.5,0,DulcGr00
Tyler Johnson,NYJ,WR,16,10,187,18.7,1,1.0,18.7,62.5,11.7,0,JohnTy00
Kyle Monangai,CHI,RB,17,10,97,9.7,0,0.8,8.1,58.8,5.7,0,MonaKy00
Chris Moore,WAS,WR,22,10,192,19.2,1,0.9,17.5,45.5,8.7,0,MoorCh00
Xavier Smith,LAR,WR,13,10,167,16.7,0,0.9,15.2,76.9,12.8,0,SmitXa00
Jamari Thrash,CLE,WR,15,10,107,10.7,0,1.1,11.9,66.7,7.1,0,ThraJa01
Savion Williams,GNB,WR,10,10,78,7.8,1,0.9,7.1,100.0,7.8,1,WillSa01
Zach Charbonnet,SEA,RB,10,9,67,7.4,0,0.8,6.1,90.0,6.7,0,CharZa00
Tanner Conner,MIA,TE,15,9,91,10.1,0,1.0,10.1,60.0,6.1,0,ConnTa00
Jacory Croskey-Merritt,WAS,RB,13,9,68,7.6,0,0.8,5.7,69.2,5.2,2,CrosJa00
Allen Lazard,NYJ,WR,15,9,64,7.1,1,1.1,8.0,60.0,4.3,0,LazaAl00
Elijah Moore,BUF,WR,17,9,112,12.4,0,1.0,12.4,52.9,6.6,0,MoorEl00
Raheem Mostert,LVR,RB,9,9,63,7.0,0,1.0,7.0,100.0,7.0,0,MostRa00
Samaje Perine,CIN,RB,11,9,45,5.0,0,0.9,4.5,81.8,4.1,2,PeriSa00
Luke Schoonmaker,DAL,TE,17,9,64,7.1,0,0.8,5.3,52.9,3.8,0,SchoLu00
Bhayshul Tuten,JAX,RB,13,9,63,7.0,1,0.8,5.3,69.2,4.8,0,TuteBh00
John Bates,WAS,TE,12,8,71,8.9,0,0.8,7.1,66.7,5.9,0,BateJo00
James Conner,ARI,RB,9,8,38,4.8,1,2.7,12.7,88.9,4.2,1,ConnJa00
Emari Demercado,ARI,RB,12,8,64,8.0,1,0.9,7.1,66.7,5.3,1,DemeEm00
Isaiah Hodgins,NYG,WR,13,8,103,12.9,1,2.7,34.3,61.5,7.9,0,HodgIs00
Charlie Kolar,BAL,TE,12,8,105,13.1,2,0.7,8.8,66.7,8.8,0,KolaCh00
Hunter Luepke,DAL,RB,9,8,63,7.9,1,0.7,5.3,88.9,7.0,0,LuepHu00
Johnny Mundt,JAX,TE,17,8,95,11.9,0,0.7,7.9,47.1,5.6,0,MundJo00
Tim Patrick,JAX,WR,15,8,94,11.8,2,0.7,8.5,53.3,6.3,0,PatrTi00
Miles Sanders,DAL,RB,8,8,30,3.8,0,2.0,7.5,100.0,3.8,1,SandMi01
David Sills V,ATL,WR,16,8,65,8.1,2,0.7,5.4,50.0,4.1,0,SillDa01
Adam Thielen,MIN,WR,18,8,69,8.6,0,0.7,6.3,44.4,3.8,0,ThieAd00
Dont'e Thornton,LVR,WR,25,8,123,15.4,0,0.7,11.2,32.0,4.9,0,ThorDo00
Sean Tucker,TAM,RB,10,8,34,4.3,1,0.7,2.8,80.0,3.4,1,TuckSe00
LeQuint Allen,JAX,RB,8,7,41,5.9,0,0.6,3.4,87.5,5.1,0,AlleLe01
John FitzPatrick,GNB,TE,8,7,40,5.7,1,0.6,3.3,87.5,5.0,0,FitzJo00
Jimmy Horn,CAR,WR,11,7,77,11.0,0,0.8,8.6,63.6,7.0,0,HornJi00
Keaton Mitchell,BAL,RB,9,7,56,8.0,0,0.9,7.0,77.8,6.2,1,MitcKe01
Josh Oliver,MIN,TE,9,7,62,8.9,2,0.7,6.2,77.8,6.9,0,OlivJo00
Brian Robinson Jr.,SFO,RB,10,7,19,2.7,0,0.5,1.5,70.0,1.9,0,RobiBr01
Drew Sample,CIN,TE,12,7,38,5.4,1,0.6,3.2,58.3,3.2,0,SampDr00
Curtis Samuel,BUF,WR,9,7,81,11.6,1,1.2,13.5,77.8,9.0,0,SamuCu00
Mitchell Tinsley,CIN,WR,21,7,100,14.3,2,0.6,8.3,33.3,4.8,0,TinsMi00
Ray-Ray McCloud,2TM,WR,15,7,69,9.9,0,1.2,11.5,46.7,4.6,0,McClRa00
Ray-Ray McCloud,ATL,WR,14,6,64,10.7,0,1.5,16.0,42.9,4.6,0,McClRa00
Ray-Ray McCloud,NYG,WR,1,1,5,5.0,0,0.5,2.5,100.0,5.0,0,McClRa00
Nate Adkins,DEN,TE,10,6,48,8.0,1,1.0,8.0,60.0,4.8,0,AdkiNa00
Braxton Berrios,HOU,WR,8,6,37,6.2,0,1.5,9.3,75.0,4.6,0,BerrBr00
Tyler Conklin,LAC,TE,9,6,95,15.8,0,0.5,7.9,66.7,10.6,1,ConkTy00
Ollie Gordon,MIA,RB,8,6,30,5.0,1,0.5,2.5,75.0,3.8,0,GordOl00
Malik Heath,GNB,WR,7,6,86,14.3,0,0.5,7.8,85.7,12.3,0,HeatMa00
Arian Smith,NYJ,WR,10,6,47,7.8,0,0.5,4.3,60.0,4.7,0,SmitAr01
Cade Stover,HOU,TE,8,6,38,6.3,0,1.5,9.5,75.0,4.8,0,StovCa00
Isaac TeSlaa,DET,WR,11,6,100,16.7,3,0.5,8.3,54.5,9.1,0,TeSlIs00
Mason Tipton,NOR,WR,10,6,42,7.0,0,0.5,3.8,60.0,4.2,0,TiptMa00
Casey Washington,ATL,WR,14,6,94,15.7,0,0.9,13.4,42.9,6.7,0,WashCa01
Ameer Abdullah,IND,RB,6,5,30,6.0,0,0.6,3.8,83.3,5.0,0,AbduAm00
Mo Alie-Cox,IND,TE,9,5,59,11.8,0,0.4,4.9,55.6,6.6,0,AlieMo00
Treylon Burks,WAS,WR,8,5,77,15.4,1,1.7,25.7,62.5,9.6,0,BurkTr00
Grant Calcaterra,PHI,TE,8,5,48,9.6,0,0.5,4.8,62.5,6.0,0,CalcGr00
Robbie Chosen,WAS,WR,9,5,53,10.6,0,1.7,17.7,55.6,5.9,0,AndeRo04
Malachi Corley,CLE,WR,6,5,34,6.8,0,0.6,4.3,83.3,5.7,0,CorlMa00
Blake Corum,LAR,RB,10,5,10,2.0,0,0.4,0.8,50.0,1.0,0,CoruBl00
Gabriel Davis,BUF,WR,8,5,67,13.4,0,1.7,22.3,62.5,8.4,0,DaviGa01
Ashton Dulin,IND,WR,8,5,106,21.2,0,0.5,10.6,62.5,13.3,0,DuliAs00
Austin Ekeler,WAS,RB,7,5,38,7.6,0,2.5,19.0,71.4,5.4,0,EkelAu00
Terrance Ferguson,LAR,TE,14,5,138,27.6,1,0.5,13.8,35.7,9.9,0,FergTe00
Jalin Hyatt,NYG,WR,13,5,35,7.0,0,0.7,5.0,38.5,2.7,0,HyatJa00
Alec Ingold,MIA,FB,7,5,36,7.2,0,0.4,3.0,71.4,5.1,0,IngoAl01
Kendre Miller,NOR,RB,5,5,30,6.0,0,0.7,4.3,100.0,6.0,0,MillKe01
Foster Moreau,NOR,TE,8,5,38,7.6,0,0.6,4.8,62.5,4.8,0,MoreFo00
Dare Ogunbowale,HOU,RB,6,5,36,7.2,0,0.4,3.0,83.3,6.0,1,OgunDa00
Albert Okwuegbunam,LVR,TE,6,5,36,7.2,0,5.0,36.0,83.3,6.0,0,OkwuAl00
Will Shipley,PHI,RB,7,5,39,7.8,0,0.5,3.9,71.4,5.6,0,ShipWi00
Brevyn Spann-Ford,DAL,TE,6,5,22,4.4,1,0.4,1.8,83.3,3.7,0,SpanBr00
Isaiah Williams,NYJ,WR,10,5,37,7.4,0,0.5,3.7,50.0,3.7,1,WillIs03
Kyle Williams,NWE,WR,13,5,143,28.6,2,0.4,11.0,38.5,11.0,0,WillKy03
Charlie Woerner,ATL,TE,6,5,33,6.6,0,0.4,2.8,83.3,5.5,0,WoerCh00
Tutu Atwell,LAR,WR,9,4,164,41.0,1,0.7,27.3,44.4,18.2,0,AtweTu00
Andrew Beck,NYJ,FB,5,4,26,6.5,1,0.3,2.2,80.0,5.2,0,BeckAn01
Ray Davis,BUF,RB,7,4,18,4.5,1,0.3,1.5,57.1,2.6,0,DaviRa04
Will Dissly,LAC,TE,5,4,43,10.8,0,1.0,10.8,80.0,8.6,0,DissWi00
Dylan Drummond,ATL,WR,6,4,21,5.3,0,1.0,5.3,66.7,3.5,0,DrumDy00
D'Wayne Eskridge,MIA,WR,7,4,62,15.5,0,0.4,6.2,57.1,8.9,1,EskrDW00
Hassan Haskins,LAC,RB,4,4,13,3.3,0,0.6,1.9,100.0,3.3,0,HaskHa00
Taysom Hill,NOR,TE,5,4,23,5.8,0,0.5,2.9,80.0,4.6,1,HillTa00
Lil'Jordan Humphrey,2TM,WR,11,4,55,13.8,0,0.8,11.0,36.4,5.0,0,HumpLi01
Lil'Jordan Humphrey,NYG,WR,10,4,55,13.8,0,1.3,18.3,40.0,5.5,0,HumpLi01
Lil'Jordan Humphrey,DEN,WR,1,0,0,,0,0.0,0.0,0.0,0.0,0,HumpLi01
Kameron Johnson,TAM,WR,6,4,64,16.0,1,0.3,5.3,66.7,10.7,0,JohnKa01
Tom Kennedy,DET,WR,4,4,36,9.0,0,4.0,36.0,100.0,9.0,0,KennTo01
Gage Larvadain,CLE,WR,9,4,45,11.3,0,0.5,5.6,44.4,5.0,3,LarvGa00
Skyy Moore,SFO,WR,6,4,64,16.0,0,0.3,4.9,66.7,10.7,1,MoorSk01
Konata Mumpfield,LAR,WR,7,4,37,9.3,1,0.3,3.1,57.1,5.3,0,MumpKo00
Adam Prentice,DEN,FB,6,4,42,10.5,0,0.3,3.5,66.7,7.0,0,PrenAd00
James Proche,TEN,WR,4,4,55,13.8,0,1.0,13.8,100.0,13.8,0,ProcJa00
Jack Stoll,NOR,TE,7,4,35,8.8,1,0.4,3.2,57.1,5.0,0,StolJa00
Marquez Valdes-Scantling,SFO,WR,8,4,40,10.0,0,0.8,8.0,50.0,5.0,0,ValdMa00
Devontez Walker,BAL,WR,6,4,90,22.5,2,0.5,11.3,66.7,15.0,0,WalkDe01
Tylan Wallace,BAL,WR,8,4,45,11.3,1,0.4,4.1,50.0,5.6,0,WallTy00
Noah Brown,WAS,WR,7,3,36,12.0,0,1.5,18.0,42.9,5.1,0,BrowNo00
Trevor Etienne,CAR,RB,3,3,13,4.3,0,0.2,1.0,100.0,4.3,2,EtieTr01
Kylen Granson,PHI,TE,4,3,10,3.3,0,0.3,0.8,75.0,2.5,0,GranKy00
Najee Harris,LAC,RB,3,3,25,8.3,0,1.0,8.3,100.0,8.3,0,HarrNa00
KhaDarel Hodge,ATL,WR,10,3,31,10.3,0,0.3,3.1,30.0,3.1,0,HodgKh00
Dylan Laube,LVR,RB,4,3,18,6.0,0,0.3,1.5,75.0,4.5,0,LaubDy00
James Mitchell,CAR,TE,3,3,28,9.3,0,0.8,7.0,100.0,9.3,0,MitcJa00
Andrew Ogletree,IND,TE,4,3,16,5.3,1,0.3,1.3,75.0,4.0,0,OgleAn00
Jayden Reed,GNB,WR,5,3,45,15.0,1,1.5,22.5,60.0,9.0,0,ReedJa03
Tip Reiman,ARI,TE,5,3,18,6.0,0,0.8,4.5,60.0,3.6,0,ReimTi00
Xavier Restrepo,TEN,WR,7,3,41,13.7,0,1.5,20.5,42.9,5.9,0,RestXa00
Trent Sherfield,DEN,WR,4,3,21,7.0,0,0.3,2.1,75.0,5.3,0,SherTr00
Ben Sinnott,WAS,TE,3,3,33,11.0,1,0.3,3.0,100.0,11.0,0,SinnBe00
Ben Skowronek,PIT,WR,5,3,56,18.7,1,0.3,4.7,60.0,11.2,0,SkowBe00
Austin Trammell,JAX,WR,10,3,46,15.3,0,0.6,9.2,30.0,4.6,0,TramAu00
Justin Watson,HOU,WR,4,3,30,10.0,0,1.5,15.0,75.0,7.5,0,WatsJu01
Xavier Weaver,ARI,WR,8,3,24,8.0,0,0.4,3.4,37.5,3.0,0,WeavXa00
Zamir White,LVR,RB,5,3,19,6.3,0,0.8,4.8,60.0,3.8,0,WhitZa01
Cedrick Wilson Jr.,MIA,WR,4,3,25,8.3,0,0.6,5.0,75.0,6.3,0,WilsCe01
Braelon Allen,NYJ,RB,3,2,17,8.5,0,0.5,4.3,66.7,5.7,1,AlleBr05
Brenden Bates,HOU,TE,2,2,23,11.5,0,0.7,7.7,100.0,11.5,0,BateBr00
Jake Bobo,SEA,WR,2,2,20,10.0,0,0.3,2.9,100.0,10.0,0,BoboJa00
Harrison Bryant,HOU,TE,6,2,7,3.5,0,0.3,0.9,33.3,1.2,0,BryaHa00
Beaux Collins,NYG,WR,6,2,25,12.5,0,0.2,2.8,33.3,4.2,0,CollBe00
Darius Cooper,PHI,WR,2,2,7,3.5,0,0.3,0.9,100.0,3.5,0,CoopDa01
AJ Dillon,PHI,RB,2,2,18,9.0,0,0.3,3.0,100.0,9.0,1,DillAJ00
Clyde Edwards-Helaire,KAN,RB,2,2,9,4.5,0,1.0,4.5,100.0,4.5,0,EdwaCl00
Tucker Fisk,LAC,TE,4,2,19,9.5,0,0.2,1.9,50.0,4.8,0,FiskTu00
Antonio Gibson,NWE,RB,3,2,6,3.0,0,0.4,1.2,66.7,2.0,2,GibsAn00
Xavier Gipson,PHI,WR,2,2,6,3.0,0,0.4,1.2,100.0,3.0,2,GipsXa00
Tyler Goodson,IND,RB,3,2,8,4.0,0,0.3,1.1,66.7,2.7,0,GoodTy00
Connor Heyward,PIT,TE,3,2,18,9.0,1,0.2,1.5,66.7,6.0,0,HeywCo00
George Holani,SEA,RB,2,2,15,7.5,0,0.2,1.4,100.0,7.5,1,HolaGe00
Lucas Krull,DEN,TE,4,2,15,7.5,0,0.7,5.0,50.0,3.8,0,KrulLu00
Tay Martin,WAS,WR,2,2,23,11.5,0,0.7,7.7,100.0,11.5,0,MartTa00
Scott Matlock,LAC,FB,2,2,3,1.5,1,0.2,0.3,100.0,1.5,0,MatlSc00
Jaleel McLaughlin,DEN,RB,3,2,1,0.5,0,0.7,0.3,66.7,0.3,0,McLaJa00
Bo Melton,GNB,CB,6,2,28,14.0,0,0.2,2.5,33.3,4.7,0,MeltBo00
Ryan Miller,TAM,WR,4,2,34,17.0,1,0.2,2.8,50.0,8.5,0,MillRy01
Quintin Morris,JAX,TE,5,2,25,12.5,0,0.2,2.8,40.0,5.0,0,MorrQu00
Durham Smythe,CHI,TE,4,2,12,6.0,0,0.2,1.0,50.0,3.0,0,SmytDu00
Deven Thompkins,ATL,WR,2,2,23,11.5,0,1.0,11.5,100.0,11.5,0,ThomDe07
Jordan Watkins,SFO,WR,3,2,26,13.0,0,0.7,8.7,66.7,8.7,0,WatkJo00
Jared Wayne,HOU,WR,2,2,20,10.0,0,2.0,20.0,100.0,10.0,0,WaynJa01
Cody White,SEA,WR,3,2,81,40.5,1,0.3,13.5,66.7,27.0,0,WhitCo05
Blake Whiteheart,CLE,TE,3,2,4,2.0,0,0.2,0.3,66.7,1.3,1,WhitBl01
Josh Whyle,GNB,TE,3,2,3,1.5,1,0.5,0.8,66.7,1.0,0,WhylJo01
Caleb Williams,CHI,QB,2,2,22,11.0,1,0.2,1.8,100.0,11.0,6,WillCa03
Colson Yankoff,WAS,TE,2,2,18,9.0,0,0.2,1.8,100.0,9.0,0,YankCo00
Dareke Young,SEA,WR,2,2,48,24.0,0,0.3,8.0,100.0,24.0,0,YounDa02
Zaire Mitchell-Paden,2TM,TE,3,2,17,8.5,0,0.3,2.1,66.7,5.7,0,MitcZa00
Zaire Mitchell-Paden,BAL,TE,2,1,3,3.0,0,0.2,0.5,50.0,1.5,0,MitcZa00
Zaire Mitchell-Paden,NOR,TE,1,1,14,14.0,0,0.5,7.0,100.0,14.0,0,MitcZa00
Rasheen Ali,BAL,RB,1,1,15,15.0,0,0.1,1.5,100.0,15.0,0,AlixRa00
Spencer Anderson,PIT,OL,1,1,4,4.0,0,0.1,0.3,100.0,4.0,0,AndeSp00
Andre Baccellia,ARI,WR,1,1,5,5.0,0,0.3,1.7,100.0,5.0,0,BaccAn00
Alex Bachman,LVR,WR,2,1,9,9.0,0,0.1,1.0,50.0,4.5,0,BachAl00
Michael Bandy,DEN,WR,1,1,16,16.0,0,0.5,8.0,100.0,16.0,1,BandMi00
Tank Bigsby,2TM,RB,1,1,-1,-1.0,0,0.1,-0.1,100.0,-1.0,0,BigsTa00
Tank Bigsby,JAX,RB,0,0,0,,0,0.0,0.0,,,0,BigsTa00
Tank Bigsby,PHI,RB,1,1,-1,-1.0,0,0.1,-0.1,100.0,-1.0,0,BigsTa00
Jaydon Blue,DAL,RB,1,1,5,5.0,0,0.3,1.3,100.0,5.0,1,BlueJa01
Connor Colby,SFO,OL,1,1,-1,-1.0,0,0.1,-0.1,100.0,-1.0,0,ColbCo00
Derius Davis,LAC,WR,2,1,3,3.0,0,0.1,0.3,50.0,1.5,1,DaviDe02
Josiah Deguara,ARI,TE,1,1,6,6.0,0,0.1,0.9,100.0,6.0,0,DeguJo00
Payne Durham,TAM,TE,3,1,11,11.0,0,0.1,0.9,33.3,3.7,0,DurhPa00
Devin Duvernay,CHI,WR,3,1,2,2.0,0,0.1,0.2,33.3,0.7,0,DuveDe00
Ross Dwelley,DET,TE,4,1,3,3.0,0,0.1,0.3,25.0,0.8,0,DwelRo00
Tai Felton,MIN,WR,1,1,9,9.0,0,0.1,0.8,100.0,9.0,0,FeltTa00
Anthony Firkser,DET,TE,1,1,4,4.0,0,0.5,2.0,100.0,4.0,0,FirkAn00
Reggie Gilliam,BUF,FB,1,1,2,2.0,0,0.1,0.2,100.0,2.0,0,GillRe00
Anthony Gould,IND,WR,1,1,3,3.0,0,0.1,0.3,100.0,3.0,0,GoulAn00
Cam Grandy,CIN,TE,1,1,6,6.0,0,0.3,2.0,100.0,6.0,1,GranCa00
C.J. Ham,MIN,FB,1,1,5,5.0,0,0.2,0.8,100.0,5.0,0,HamxC.00
Terrell Jennings,NWE,RB,1,1,9,9.0,0,0.1,1.3,100.0,9.0,0,JennTe00
Kaleb Johnson,PIT,RB,2,1,9,9.0,0,0.1,1.1,50.0,4.5,1,JohnKa03
Jacoby Jones,WAS,WR,1,1,25,25.0,0,1.0,25.0,100.0,25.0,0,JoneJa16
Tim Jones,JAX,WR,1,1,15,15.0,0,0.5,7.5,100.0,15.0,0,JoneTi00
Mason Kinsey,TEN,WR,3,1,14,14.0,0,0.2,2.8,33.3,4.7,0,KinsMa00
KeAndre Lambert-Smith,LAC,WR,4,1,1,1.0,0,0.2,0.2,25.0,0.3,0,LambKe01
Keleki Latu,BUF,TE,1,1,4,4.0,0,0.3,1.3,100.0,4.0,0,LatuKe00
Chris Manhertz,NYG,TE,1,1,7,7.0,0,0.1,0.5,100.0,7.0,0,ManhCh00
David Martin-Robinson,TEN,TE,1,1,1,1.0,1,0.1,0.1,100.0,1.0,0,MartDa01
Drake Maye,NWE,QB,1,1,2,2.0,0,0.1,0.2,100.0,2.0,6,MayeDr00
Scott Miller,PIT,WR,2,1,9,9.0,0,0.1,1.1,50.0,4.5,0,MillSc01
David Moore,CAR,WR,1,1,5,5.0,0,0.3,1.3,100.0,5.0,0,MoorDa03
Bryce Oliver,TEN,WR,1,1,8,8.0,0,0.5,4.0,100.0,8.0,0,OlivBr02
Gunner Olszewski,NYG,WR,3,1,24,24.0,1,0.1,1.8,33.3,8.0,1,OlszGu00
Dante Pettis,NOR,WR,1,1,14,14.0,0,0.3,4.7,100.0,14.0,0,PettDa00
Spencer Rattler,NOR,QB,2,1,0,0.0,0,0.1,0.0,50.0,0.0,4,RattSp00
Nikko Remigio,KAN,WR,1,1,21,21.0,0,0.1,1.8,100.0,21.0,1,RemiNi00
Anthony Richardson,IND,QB,1,1,9,9.0,0,0.5,4.5,100.0,9.0,0,RichAn03
Chris Rodriguez,WAS,RB,2,1,6,6.0,0,0.1,0.6,50.0,3.0,0,RodrCh00
Carter Runyon,LVR,TE,1,1,3,3.0,0,0.1,0.4,100.0,3.0,0,RunyCa00
Eric Saubert,SEA,TE,1,1,12,12.0,0,0.1,1.7,100.0,12.0,0,SaubEr00
Robert Tonyan,KAN,TE,1,1,1,1.0,0,0.1,0.1,100.0,1.0,0,TonyRo00
Tahj Washington,MIA,WR,2,1,11,11.0,0,0.3,2.8,50.0,5.5,1,WashTa00
Jared Wiley,KAN,TE,1,1,4,4.0,0,1.0,4.0,100.0,4.0,0,WileJa00
Trayveon Williams,LAC,RB,1,1,0,0.0,0,0.3,0.0,100.0,0.0,0,WillTr06
Jameis Winston,NYG,QB,1,1,33,33.0,1,0.5,16.5,100.0,33.0,1,WinsJa00
Tristan Wirfs,TAM,T,1,1,2,2.0,1,0.1,0.2,100.0,2.0,0,WirfTr00
Jaylen Wright,MIA,RB,1,1,0,0.0,0,0.2,0.0,100.0,0.0,0,WrigJa04
Ben Yurosek,MIN,TE,2,1,5,5.0,0,0.1,0.6,50.0,2.5,0,YuroBe00
Cam Akers,MIN,RB,1,0,0,,0,0.0,0.0,0.0,0.0,0,AkerCa00
Josh Allen,BUF,QB,0,0,0,,0,0.0,0.0,,,5,AlleJo02
Kyle Allen,DET,QB,0,0,0,,0,0.0,0.0,,,0,AlleKy00
Kevin Austin,NOR,WR,1,0,0,,0,0.0,0.0,0.0,0.0,0,AustKe00
Tyson Bagent,CHI,QB,0,0,0,,0,0.0,0.0,,,1,BageTy00
Ulysses Bentley,IND,RB,0,0,0,,0,0.0,0.0,,,0,BentUl00
Garett Bolles,DEN,T,1,0,0,,0,0.0,0.0,0.0,0.0,0,BollGa00
Teddy Bridgewater,TAM,QB,0,0,0,,0,0.0,0.0,,,0,BridTe00
Jacoby Brissett,ARI,QB,0,0,0,,0,0.0,0.0,,,4,BrisJa00
British Brooks,HOU,RB,0,0,0,,0,0.0,0.0,,,0,BrooBr01
Tahj Brooks,CIN,RB,1,0,0,,0,0.0,0.0,0.0,0.0,0,BrooTa00
Max Brosmer,MIN,QB,0,0,0,,0,0.0,0.0,,,0,BrosMa00
Brittain Brown,CHI,RB,1,0,0,,0,0.0,0.0,0.0,0.0,0,BrowBr06
Jake Browning,CIN,QB,0,0,0,,0,0.0,0.0,,,1,BrowJa08
Jason Brownlee,KAN,WR,1,0,0,,0,0.0,0.0,0.0,0.0,0,BrowJa07
Joe Burrow,CIN,QB,0,0,0,,0,0.0,0.0,,,0,BurrJo01
Alex Cappa,LVR,G,1,0,0,,0,0.0,0.0,0.0,0.0,0,CappAl00
Nathan Carter,ATL,RB,0,0,0,,0,0.0,0.0,,,1,CartNa00
Julius Chestnut,TEN,RB,2,0,0,,0,0.0,0.0,0.0,0.0,0,ChesJu00
Kirk Cousins,ATL,QB,0,0,0,,0,0.0,0.0,,,1,CousKi00
DeeJay Dallas,CAR,RB,0,0,0,,0,0.0,0.0,,,0,DallDe00
Andy Dalton,CAR,QB,0,0,0,,0,0.0,0.0,,,2,DaltAn00
Jayden Daniels,WAS,QB,0,0,0,,0,0.0,0.0,,,3,DaniJa02
Sam Darnold,SEA,QB,0,0,0,,0,0.0,0.0,,,7,DarnSa00
Jaxson Dart,NYG,QB,0,0,0,,0,0.0,0.0,,,3,DartJa00
Malik Davis,DAL,RB,0,0,0,,0,0.0,0.0,,,0,DaviMa02
Joshua Dobbs,NWE,QB,0,0,0,,0,0.0,0.0,,,0,DobbJo00
Quinn Ewers,MIA,QB,0,0,0,,0,0.0,0.0,,,2,EwerQu00
Justin Fields,NYJ,QB,1,0,0,,0,0.0,0.0,0.0,0.0,4,FielJu00
Joe Flacco,2TM,QB,0,0,0,,0,0.0,0.0,,,3,FlacJo00
Joe Flacco,CLE,QB,0,0,0,,0,0.0,0.0,,,2,FlacJo00
Joe Flacco,CIN,QB,0,0,0,,0,0.0,0.0,,,1,FlacJo00
Feleipe Franks,ATL,TE,0,0,0,,0,0.0,0.0,,,0,FranFe00
Dillon Gabriel,CLE,QB,0,0,0,,0,0.0,0.0,,,0,GabrDi00
Jimmy Garoppolo,LAR,QB,0,0,0,,0,0.0,0.0,,,0,GaroJi00
Myles Gaskin,SEA,RB,0,0,0,,0,0.0,0.0,,,0,GaskMy00
DJ Giddens,IND,RB,2,0,0,,0,0.0,0.0,0.0,0.0,0,GiddDJ00
Jamie Gillan,NYG,P,0,0,0,,0,0.0,0.0,,,0,GillJa00
Jared Goff,DET,QB,0,0,0,,0,0.0,0.0,,,3,GoffJa00
Mecole Hardman,BUF,WR,1,0,0,,0,0.0,0.0,0.0,0.0,1,HardMe00
Justin Herbert,LAC,QB,0,0,0,,0,0.0,0.0,,,2,HerbJu00
Nyheim Hines,LAC,RB,0,0,0,,0,0.0,0.0,,,0,HineNy00
Travis Homer,CHI,RB,0,0,0,,0,0.0,0.0,,,0,HomeTr00
Evan Hull,NOR,RB,0,0,0,,0,0.0,0.0,,,0,HullEv00
Tyler Huntley,BAL,QB,0,0,0,,0,0.0,0.0,,,0,HuntTy01
Jalen Hurts,PHI,QB,0,0,0,,0,0.0,0.0,,,6,HurtJa00
Lamar Jackson,BAL,QB,0,0,0,,0,0.0,0.0,,,6,JackLa00
Amar Johnson,LAC,RB,1,0,0,,0,0.0,0.0,0.0,0.0,0,JohnAm00
D'Ernest Johnson,2TM,RB,0,0,0,,0,0.0,0.0,,,0,JohnDE04
D'Ernest Johnson,ARI,RB,0,0,0,,0,0.0,0.0,,,0,JohnDE04
D'Ernest Johnson,NWE,RB,0,0,0,,0,0.0,0.0,,,0,JohnDE04
Roschon Johnson,CHI,RB,0,0,0,,0,0.0,0.0,,,0,JohnRo07
Charlie Jones,CIN,WR,1,0,0,,0,0.0,0.0,0.0,0.0,0,JoneCh11
Daniel Jones,IND,QB,0,0,0,,0,0.0,0.0,,,9,JoneDa05
Mac Jones,SFO,QB,0,0,0,,0,0.0,0.0,,,4,JoneMa05
Nick Kallerup,SEA,TE,1,0,0,,0,0.0,0.0,0.0,0.0,0,KallNi00
Trey Lance,LAC,QB,0,0,0,,0,0.0,0.0,,,0,LancTr00
Trevor Lawrence,JAX,QB,0,0,0,,0,0.0,0.0,,,5,LawrTr00
Riley Leonard,IND,QB,0,0,0,,0,0.0,0.0,,,0,LeonRi02
Drew Lock,SEA,QB,0,0,0,,0,0.0,0.0,,,1,LockDr00
Jordan Love,GNB,QB,0,0,0,,0,0.0,0.0,,,6,LoveJo03
Patrick Mahomes,KAN,QB,0,0,0,,0,0.0,0.0,,,3,MahoPa00
Braden Mann,PHI,P,0,0,0,,0,0.0,0.0,,,0,MannBr01
Marcus Mariota,WAS,QB,0,0,0,,0,0.0,0.0,,,3,MariMa01
Adrian Martinez,SFO,QB,0,0,0,,0,0.0,0.0,,,0,MartAd00
Baker Mayfield,TAM,QB,0,0,0,,0,0.0,0.0,,,8,MayfBa00
J.J. McCarthy,MIN,QB,0,0,0,,0,0.0,0.0,,,5,McCaJJ00
Tanner McKee,PHI,QB,0,0,0,,0,0.0,0.0,,,0,McKeTa01
Davis Mills,HOU,QB,0,0,0,,0,0.0,0.0,,,1,MillDa02
Jalen Milroe,SEA,QB,0,0,0,,0,0.0,0.0,,,1,MilrJa00
Kendall Milton,CIN,RB,0,0,0,,0,0.0,0.0,,,0,MiltKe01
Gardner Minshew II,KAN,QB,0,0,0,,0,0.0,0.0,,,0,MinsGa00
Elijah Mitchell,KAN,RB,1,0,0,,0,0.0,0.0,0.0,0.0,0,MitcEl00
Nick Mullens,JAX,QB,0,0,0,,0,0.0,0.0,,,0,MullNi00
Kyler Murray,ARI,QB,0,0,0,,0,0.0,0.0,,,1,MurrKy00
Bo Nix,DEN,QB,1,0,0,,0,0.0,0.0,0.0,0.0,3,NixxBo00
Jaret Patterson,LAC,RB,0,0,0,,0,0.0,0.0,,,0,PattJa01
Michael Penix,ATL,QB,0,0,0,,0,0.0,0.0,,,4,PeniMi00
Kenny Pickett,LVR,QB,0,0,0,,0,0.0,0.0,,,1,PickKe00
Dameon Pierce,HOU,RB,1,0,0,,0,0.0,0.0,0.0,0.0,0,PierDa01
Dak Prescott,DAL,QB,0,0,0,,0,0.0,0.0,,,4,PresDa01
Brock Purdy,SFO,QB,0,0,0,,0,0.0,0.0,,,1,PurdBr00
Bernhard Raimann,IND,T,1,0,0,,0,0.0,0.0,0.0,0.0,0,RaimBe00
Craig Reynolds,DET,RB,0,0,0,,0,0.0,0.0,,,0,ReynCr00
Patrick Ricard,BAL,FB,0,0,0,,0,0.0,0.0,,,0,RicaPa00
Aaron Rodgers,PIT,QB,0,0,0,,0,0.0,0.0,,,3,RodgAa00
Mason Rudolph,PIT,QB,0,0,0,,0,0.0,0.0,,,1,RudoMa00
Cooper Rush,BAL,QB,0,0,0,,0,0.0,0.0,,,1,RushCo00
Raheim Sanders,CLE,RB,0,0,0,,0,0.0,0.0,,,0,SandRa00
Shedeur Sanders,CLE,QB,0,0,0,,0,0.0,0.0,,,1,SandSh00
Jacob Saylors,DET,RB,0,0,0,,0,0.0,0.0,,,0,SaylJa00
Tyler Shough,NOR,QB,0,0,0,,0,0.0,0.0,,,2,ShouTy00
Geno Smith,LVR,QB,0,0,0,,0,0.0,0.0,,,4,SmitGe00
Matthew Stafford,LAR,QB,0,0,0,,0,0.0,0.0,,,6,StafMa00
Jarrett Stidham,DEN,QB,0,0,0,,0,0.0,0.0,,,0,StidJa00
C.J. Stroud,HOU,QB,0,0,0,,0,0.0,0.0,,,0,StroCJ00
Grant Stuard,DET,LB,0,0,0,,0,0.0,0.0,,,0,StuaGr00
Tua Tagovailoa,MIA,QB,0,0,0,,0,0.0,0.0,,,7,TagoTu00
Tyrod Taylor,NYJ,QB,0,0,0,,0,0.0,0.0,,,1,TaylTy00
Rodney Thomas II,IND,S,0,0,0,,0,0.0,0.0,,,0,ThomRo07
Mitchell Trubisky,BUF,QB,0,0,0,,0,0.0,0.0,,,0,TrubMi00
Malik Turner,SFO,WR,1,0,0,,0,0.0,0.0,0.0,0.0,0,TurnMa00
Sione Vaki,DET,RB,0,0,0,,0,0.0,0.0,,,0,VakiSi00
Cam Ward,TEN,QB,0,0,0,,0,0.0,0.0,,,9,WardCa00
Carson Wentz,MIN,QB,0,0,0,,0,0.0,0.0,,,3,WentCa00
Jack Westover,NWE,FB,1,0,0,,0,0.0,0.0,0.0,0.0,0,WestJa01
Josh Williams,TAM,RB,0,0,0,,0,0.0,0.0,,,0,WillJo011
Brayden Willis,SFO,TE,1,0,0,,0,0.0,0.0,0.0,0.0,0,WillBr06
Malik Willis,GNB,QB,0,0,0,,0,0.0,0.0,,,0,WillMa12
Russell Wilson,NYG,QB,0,0,0,,0,0.0,0.0,,,3,WilsRu00
Zach Wilson,MIA,QB,0,0,0,,0,0.0,0.0,,,0,WilsZa00
Jacardia Wright,SEA,RB,0,0,0,,0,0.0,0.0,,,0,WrigJa05
Owen Wright,TAM,RB,0,0,0,,0,0.0,0.0,,,0,WrigOw00
Luke Wypler,CLE,C,1,0,0,,0,0.0,0.0,0.0,0.0,0,WyplLu00
Bryce Young,CAR,QB,0,0,0,,0,0.0,0.0,,,6,YounBr01